<?xml version="1.0" encoding="UTF-8"?>
<project-private xmlns="http://www.netbeans.org/ns/project-private/1">
    <editor-bookmarks xmlns="http://www.netbeans.org/ns/editor-bookmarks/2" lastBookmarkId="0"/>
    <open-files xmlns="http://www.netbeans.org/ns/projectui-open-files/2">
        <group>
            <file>file:/D:/java%20manish/Advance-Java-Jsp-Servlet--main/Advance-Java-Jsp-Servlet--main/Advance-Java-Jsp-Servlet--main/practical_java/src/java/prog3.java</file>
            <file>file:/D:/java%20manish/Advance-Java-Jsp-Servlet--main/Advance-Java-Jsp-Servlet--main/Advance-Java-Jsp-Servlet--main/practical_java/web/pro3.html</file>
            <file>file:/D:/java%20manish/Advance-Java-Jsp-Servlet--main/Advance-Java-Jsp-Servlet--main/Advance-Java-Jsp-Servlet--main/practical_java/src/java/calculate.java</file>
        </group>
    </open-files>
</project-private>
